<?xml version="1.0" encoding="UTF-8"?>
<project-private xmlns="http://www.netbeans.org/ns/project-private/1">
    <editor-bookmarks xmlns="http://www.netbeans.org/ns/editor-bookmarks/2" lastBookmarkId="0"/>
    <open-files xmlns="http://www.netbeans.org/ns/projectui-open-files/2">
        <group>
            <file>file:/C:/Users/hieu/OneDrive/Tài%20liệu/NetBeansProjects/CuaHangTichDiem/src/Model/User.java</file>
            <file>file:/C:/Users/hieu/OneDrive/Tài%20liệu/NetBeansProjects/CuaHangTichDiem/src/View/UpdateInfo.java</file>
            <file>file:/C:/Users/hieu/OneDrive/Tài%20liệu/NetBeansProjects/CuaHangTichDiem/src/Main/Main.java</file>
            <file>file:/C:/Users/hieu/OneDrive/Tài%20liệu/NetBeansProjects/CuaHangTichDiem/src/View/ThemMaKhuyenMai.java</file>
            <file>file:/C:/Users/hieu/OneDrive/Tài%20liệu/NetBeansProjects/CuaHangTichDiem/src/Controller/CouponController.java</file>
            <file>file:/C:/Users/hieu/OneDrive/Tài%20liệu/NetBeansProjects/CuaHangTichDiem/src/View/ViewCard.java</file>
            <file>file:/C:/Users/hieu/OneDrive/Tài%20liệu/NetBeansProjects/CuaHangTichDiem/src/Controller/HangHoaController.java</file>
            <file>file:/C:/Users/hieu/OneDrive/Tài%20liệu/NetBeansProjects/CuaHangTichDiem/src/DB/DBConnection.java</file>
            <file>file:/C:/Users/hieu/OneDrive/Tài%20liệu/NetBeansProjects/CuaHangTichDiem/src/Controller/InvoiceController.java</file>
            <file>file:/C:/Users/hieu/OneDrive/Tài%20liệu/NetBeansProjects/CuaHangTichDiem/src/View/Login.java</file>
            <file>file:/C:/Users/hieu/OneDrive/Tài%20liệu/NetBeansProjects/CuaHangTichDiem/src/View/ContainerCreateAccount.java</file>
            <file>file:/C:/Users/hieu/OneDrive/Tài%20liệu/NetBeansProjects/CuaHangTichDiem/src/View/CreateInvoice.java</file>
            <file>file:/C:/Users/hieu/OneDrive/Tài%20liệu/NetBeansProjects/CuaHangTichDiem/src/Controller/HostAppHelper.java</file>
            <file>file:/C:/Users/hieu/OneDrive/Tài%20liệu/NetBeansProjects/CuaHangTichDiem/src/View/NapTien.java</file>
            <file>file:/C:/Users/hieu/OneDrive/Tài%20liệu/NetBeansProjects/CuaHangTichDiem/src/Constants/INFO_CONSTANTS.java</file>
            <file>file:/C:/Users/hieu/OneDrive/Tài%20liệu/NetBeansProjects/CuaHangTichDiem/src/View/DanhMucMaKhuyenMai.java</file>
            <file>file:/C:/Users/hieu/OneDrive/Tài%20liệu/NetBeansProjects/CuaHangTichDiem/src/View/FormMain.java</file>
        </group>
    </open-files>
</project-private>
