<jumpRecord>
<prevNodes>
<jnode>
<fileName>D:\workspace\tichdiemsieuthi_backup\src\auth\infomation.java</fileName>
<line>344</line>
</jnode>
<jnode>
<fileName>D:\workspace\tichdiemsieuthi_backup\src\auth\infomation.java</fileName>
<line>230</line>
</jnode>
<jnode>
<fileName>D:\workspace\tichdiemsieuthi_backup\src\auth\infomation.java</fileName>
<line>248</line>
</jnode>
<jnode>
<fileName>D:\JavaCardKit\SDK\Tools\JCIDE\apis\jc222\javacard\framework\APDU.java</fileName>
<line>411</line>
</jnode>
<jnode>
<fileName>D:\workspace\tichdiemsieuthi_backup\src\auth\infomation.java</fileName>
<line>219</line>
</jnode>
<jnode>
<fileName>D:\workspace\tichdiemsieuthi_backup\src\auth\infomation.java</fileName>
<line>221</line>
</jnode>
<jnode>
<fileName>D:\workspace\tichdiemsieuthi_backup\src\auth\infomation.java</fileName>
<line>224</line>
</jnode>
<jnode>
<fileName>D:\workspace\tichdiemsieuthi_backup\src\auth\infomation.java</fileName>
<line>30</line>
</jnode>
<jnode>
<fileName>D:\workspace\tichdiemsieuthi_backup\src\auth\infomation.java</fileName>
<line>114</line>
</jnode>
<jnode>
<fileName>D:\workspace\tichdiemsieuthi_backup\src\auth\infomation.java</fileName>
<line>22</line>
</jnode>
<jnode>
<fileName>D:\workspace\tichdiemsieuthi_backup\src\auth\infomation.java</fileName>
<line>139</line>
</jnode>
<jnode>
<fileName>D:\JavaCardKit\SDK\Tools\JCIDE\apis\jc222\javacard\security\Signature.java</fileName>
<line>156</line>
</jnode>
<jnode>
<fileName>D:\workspace\tichdiemsieuthi_backup\src\auth\pin.java</fileName>
<line>57</line>
</jnode>
<jnode>
<fileName>D:\JavaCardKit\SDK\Tools\JCIDE\apis\jc222\javacard\framework\ISO7816.java</fileName>
<line>177</line>
</jnode>
<jnode>
<fileName>D:\JavaCardKit\SDK\Tools\JCIDE\apis\jc222\javacard\framework\ISO7816.java</fileName>
<line>182</line>
</jnode>
<jnode>
<fileName>D:\workspace\tichdiemsieuthi_backup\src\auth\pin.java</fileName>
<line>101</line>
</jnode>
<jnode>
<fileName>D:\workspace\tichdiemsieuthi_backup\src\auth\APPLET_CONSTANTS.java</fileName>
<line>2</line>
</jnode>
<jnode>
<fileName>D:\workspace\tichdiemsieuthi_backup\src\auth\pin.java</fileName>
<line>139</line>
</jnode>
<jnode>
<fileName>D:\JavaCardKit\SDK\Tools\JCIDE\apis\jc222\javacard\security\RSAPublicKey.java</fileName>
<line>113</line>
</jnode>
<jnode>
<fileName>D:\workspace\tichdiemsieuthi_backup\src\auth\pin.java</fileName>
<line>73</line>
</jnode>
<jnode>
<fileName>D:\workspace\tichdiemsieuthi_backup\src\auth\pin.java</fileName>
<line>12</line>
</jnode>
<jnode>
<fileName>D:\JavaCardKit\SDK\Tools\JCIDE\apis\jc222\javacard\security\RSAPrivateKey.java</fileName>
<line>24</line>
</jnode>
<jnode>
<fileName>D:\workspace\tichdiemsieuthi_backup\src\auth\pin.java</fileName>
<line>30</line>
</jnode>
<jnode>
<fileName>D:\workspace\tichdiemsieuthi_backup\src\auth\supermarket.java</fileName>
<line>16</line>
</jnode>
<jnode>
<fileName>D:\workspace\tichdiemsieuthi_backup\src\auth\supermarket.java</fileName>
<line>306</line>
</jnode>
<jnode>
<fileName>D:\workspace\tichdiemsieuthi_backup\src\auth\supermarket.java</fileName>
<line>305</line>
</jnode>
<jnode>
<fileName>D:\JavaCardKit\SDK\Tools\JCIDE\apis\jc222\javacard\framework\Util.java</fileName>
<line>77</line>
</jnode>
<jnode>
<fileName>D:\workspace\tichdiemsieuthi_backup\src\auth\supermarket.java</fileName>
<line>310</line>
</jnode>
<jnode>
<fileName>D:\workspace\tichdiemsieuthi_backup\src\auth\pin.java</fileName>
<line>14</line>
</jnode>
<jnode>
<fileName>D:\workspace\tichdiemsieuthi_backup\src\auth\pin.java</fileName>
<line>129</line>
</jnode>
<jnode>
<fileName>D:\workspace\tichdiemsieuthi_backup\src\auth\supermarket.java</fileName>
<line>231</line>
</jnode>
<jnode>
<fileName>D:\workspace\tichdiemsieuthi_backup\src\auth\supermarket.java</fileName>
<line>244</line>
</jnode>
<jnode>
<fileName>D:\workspace\tichdiemsieuthi_backup\src\auth\supermarket.java</fileName>
<line>14</line>
</jnode>
<jnode>
<fileName>D:\workspace\tichdiemsieuthi_backup\src\auth\supermarket.java</fileName>
<line>301</line>
</jnode>
<jnode>
<fileName>D:\workspace\tichdiemsieuthi_backup\src\auth\INFO_CONSTANTS.java</fileName>
<line>22</line>
</jnode>
<jnode>
<fileName>D:\workspace\tichdiemsieuthi_backup\src\auth\supermarket.java</fileName>
<line>284</line>
</jnode>
<jnode>
<fileName>D:\workspace\tichdiemsieuthi_backup\src\auth\MarketInterface.java</fileName>
<line>7</line>
</jnode>
<jnode>
<fileName>D:\workspace\tichdiemsieuthi_backup\src\auth\supermarket.java</fileName>
<line>228</line>
</jnode>
<jnode>
<fileName>D:\JavaCardKit\SDK\Tools\JCIDE\apis\jc222\javacard\framework\Util.java</fileName>
<line>22</line>
</jnode>
<jnode>
<fileName>D:\workspace\tichdiemsieuthi_backup\src\auth\supermarket.java</fileName>
<line>216</line>
</jnode>
<jnode>
<fileName>D:\workspace\tichdiemsieuthi_backup\src\auth\supermarket.java</fileName>
<line>141</line>
</jnode>
<jnode>
<fileName>D:\workspace\tichdiemsieuthi_backup\src\auth\supermarket.java</fileName>
<line>147</line>
</jnode>
<jnode>
<fileName>D:\JavaCardKit\SDK\Tools\JCIDE\apis\jc222\javacard\framework\ISO7816.java</fileName>
<line>177</line>
</jnode>
<jnode>
<fileName>D:\workspace\tichdiemsieuthi_backup\src\auth\pin.java</fileName>
<line>103</line>
</jnode>
<jnode>
<fileName>D:\JavaCardKit\SDK\Tools\JCIDE\apis\jc222\javacard\framework\ISO7816.java</fileName>
<line>103</line>
</jnode>
<jnode>
<fileName>D:\workspace\tichdiemsieuthi_backup\src\auth\supermarket.java</fileName>
<line>126</line>
</jnode>
<jnode>
<fileName>D:\workspace\tichdiemsieuthi_backup\src\auth\InfoInterface.java</fileName>
<line>6</line>
</jnode>
<jnode>
<fileName>D:\JavaCardKit\SDK\Tools\JCIDE\apis\jc222\javacardx\apdu\ExtendedLength.java</fileName>
<line>24</line>
</jnode>
<jnode>
<fileName>D:\workspace\tichdiemsieuthi_backup\src\auth\infomation.java</fileName>
<line>8</line>
</jnode>
<jnode>
<fileName>D:\workspace\tichdiemsieuthi_backup\src\auth\supermarket.java</fileName>
<line>144</line>
</jnode>
<jnode>
<fileName>D:\workspace\tichdiemsieuthi_backup\src\auth\supermarket.java</fileName>
<line>148</line>
</jnode>
<jnode>
<fileName>D:\workspace\tichdiemsieuthi_backup\src\auth\supermarket.java</fileName>
<line>16</line>
</jnode>
<jnode>
<fileName>D:\workspace\tichdiemsieuthi_backup\src\auth\supermarket.java</fileName>
<line>144</line>
</jnode>
<jnode>
<fileName>D:\workspace\tichdiemsieuthi_backup\src\auth\supermarket.java</fileName>
<line>103</line>
</jnode>
<jnode>
<fileName>D:\workspace\tichdiemsieuthi_backup\src\auth\supermarket.java</fileName>
<line>10</line>
</jnode>
<jnode>
<fileName>D:\workspace\tichdiemsieuthi_backup\src\auth\supermarket.java</fileName>
<line>37</line>
</jnode>
<jnode>
<fileName>D:\workspace\tichdiemsieuthi_backup\src\auth\supermarket.java</fileName>
<line>77</line>
</jnode>
<jnode>
<fileName>D:\workspace\tichdiemsieuthi_backup\src\auth\SUPERMARKET_CONSTANTS.java</fileName>
<line>6</line>
</jnode>
<jnode>
<fileName>D:\JavaCardKit\SDK\Tools\JCIDE\apis\jc222\javacard\framework\ISO7816.java</fileName>
<line>157</line>
</jnode>
<jnode>
<fileName>D:\workspace\tichdiemsieuthi_backup\src\auth\supermarket.java</fileName>
<line>63</line>
</jnode>
<jnode>
<fileName>D:\workspace\tichdiemsieuthi_backup\src\auth\SUPERMARKET_CONSTANTS.java</fileName>
<line>5</line>
</jnode>
<jnode>
<fileName>D:\workspace\tichdiemsieuthi_backup\src\auth\INFO_CONSTANTS.java</fileName>
<line>1</line>
</jnode>
<jnode>
<fileName>D:\workspace\tichdiemsieuthi_backup\src\auth\infomation.java</fileName>
<line>8</line>
</jnode>
<jnode>
<fileName>D:\workspace\tichdiemsieuthi_backup\src\auth\infomation.java</fileName>
<line>9</line>
</jnode>
<jnode>
<fileName>D:\workspace\tichdiemsieuthi_backup\src\auth\supermarket.java</fileName>
<line>19</line>
</jnode>
<jnode>
<fileName>D:\workspace\tichdiemsieuthi_backup\src\auth\supermarket.java</fileName>
<line>5</line>
</jnode>
<jnode>
<fileName>D:\workspace\tichdiemsieuthi_backup\src\auth\supermarket.java</fileName>
<line>17</line>
</jnode>
<jnode>
<fileName>D:\workspace\tichdiemsieuthi_backup\src\auth\infomation.java</fileName>
<line>39</line>
</jnode>
<jnode>
<fileName>D:\workspace\tichdiemsieuthi_backup\src\auth\supermarket.java</fileName>
<line>19</line>
</jnode>
<jnode>
<fileName>D:\workspace\tichdiemsieuthi_backup\src\auth\infomation.java</fileName>
<line>93</line>
</jnode>
<jnode>
<fileName>D:\workspace\tichdiemsieuthi_backup\src\auth\infomation.java</fileName>
<line>208</line>
</jnode>
<jnode>
<fileName>D:\JavaCardKit\SDK\Tools\JCIDE\apis\jc222\javacard\framework\JCSystem.java</fileName>
<line>172</line>
</jnode>
<jnode>
<fileName>D:\workspace\tichdiemsieuthi_backup\src\auth\infomation.java</fileName>
<line>219</line>
</jnode>
<jnode>
<fileName>D:\workspace\tichdiemsieuthi_backup\src\auth\AUTH_CONSTANTS.java</fileName>
<line>12</line>
</jnode>
<jnode>
<fileName>D:\workspace\tichdiemsieuthi_backup\src\auth\pin.java</fileName>
<line>96</line>
</jnode>
<jnode>
<fileName>D:\JavaCardKit\SDK\Tools\JCIDE\apis\jc222\javacard\framework\ISO7816.java</fileName>
<line>16</line>
</jnode>
<jnode>
<fileName>D:\workspace\tichdiemsieuthi_backup\src\auth\infomation.java</fileName>
<line>115</line>
</jnode>
<jnode>
<fileName>D:\workspace\tichdiemsieuthi_backup\src\auth\pin.java</fileName>
<line>91</line>
</jnode>
<jnode>
<fileName>D:\workspace\tichdiemsieuthi_backup\src\auth\infomation.java</fileName>
<line>355</line>
</jnode>
<jnode>
<fileName>D:\workspace\tichdiemsieuthi_backup\src\auth\infomation.java</fileName>
<line>290</line>
</jnode>
<jnode>
<fileName>D:\workspace\tichdiemsieuthi_backup\src\auth\infomation.java</fileName>
<line>347</line>
</jnode>
<jnode>
<fileName>D:\JavaCardKit\SDK\Tools\JCIDE\apis\jc222\javacardx\apdu\ExtendedLength.java</fileName>
<line>24</line>
</jnode>
<jnode>
<fileName>D:\workspace\tichdiemsieuthi_backup\src\auth\infomation.java</fileName>
<line>8</line>
</jnode>
<jnode>
<fileName>D:\JavaCardKit\SDK\Tools\JCIDE\apis\jc222\javacard\framework\ISO7816.java</fileName>
<line>16</line>
</jnode>
<jnode>
<fileName>D:\workspace\tichdiemsieuthi\src\auth\infomation.java</fileName>
<line>261</line>
</jnode>
<jnode>
<fileName>D:\workspace\tichdiemsieuthi\src\auth\infomation.java</fileName>
<line>26</line>
</jnode>
<jnode>
<fileName>D:\workspace\tichdiemsieuthi\src\auth\infomation.java</fileName>
<line>165</line>
</jnode>
<jnode>
<fileName>D:\workspace\tichdiemsieuthi\src\auth\AUTH_CONSTANTS.java</fileName>
<line>26</line>
</jnode>
<jnode>
<fileName>D:\workspace\tichdiemsieuthi\src\auth\pin.java</fileName>
<line>49</line>
</jnode>
<jnode>
<fileName>D:\workspace\tichdiemsieuthi\src\infomation\test.java</fileName>
<line>28</line>
</jnode>
<jnode>
<fileName>D:\JavaCardKit\SDK\Tools\JCIDE\apis\jc222\javacard\framework\ISO7816.java</fileName>
<line>16</line>
</jnode>
<jnode>
<fileName>D:\workspace\tichdiemsieuthi\src\test\test.java</fileName>
<line>28</line>
</jnode>
<jnode>
<fileName>D:\JavaCardKit\SDK\Tools\JCIDE\apis\jc222\javacard\framework\ISO7816.java</fileName>
<line>177</line>
</jnode>
<jnode>
<fileName>D:\workspace\tichdiemsieuthi\src\auth\infomation.java</fileName>
<line>104</line>
</jnode>
<jnode>
<fileName>D:\workspace\tichdiemsieuthi\src\auth\infomation.java</fileName>
<line>278</line>
</jnode>
<jnode>
<fileName>D:\workspace\tichdiemsieuthi\src\auth\infomation.java</fileName>
<line>266</line>
</jnode>
<jnode>
<fileName>D:\JavaCardKit\SDK\Tools\JCIDE\apis\jc222\javacard\framework\Util.java</fileName>
<line>77</line>
</jnode>
<jnode>
<fileName>D:\workspace\tichdiemsieuthi\src\auth\infomation.java</fileName>
<line>259</line>
</jnode>
<jnode>
<fileName>D:\workspace\tichdiemsieuthi\src\auth\infomation.java</fileName>
<line>98</line>
</jnode>
<jnode>
<fileName>D:\workspace\tichdiemsieuthi\src\auth\infomation.java</fileName>
<line>90</line>
</jnode>
<jnode>
<fileName>D:\workspace\tichdiemsieuthi\src\auth\infomation.java</fileName>
<line>26</line>
</jnode>
</prevNodes>
<nextRecord>
<jnode>
<fileName>D:\JavaCardKit\SDK\Tools\JCIDE\apis\jc222\javacard\framework\Util.java</fileName>
<line>77</line>
</jnode>
</nextRecord>
</jumpRecord>
